feedback,sentiment
"Fantastic contribution! You handled the last-minute changes like a pro and kept things under control.",Positive
"Great job! Your enthusiasm and energy really helped create a fun atmosphere at the event.",Positive
"Excellent performance! You were quick to adapt and ensured everything ran smoothly.",Positive
"Well done on managing the registration desk! Your attention to detail was impressive.",Positive
"Outstanding work! You took initiative and made sure everything was organized and efficient.",Positive
"You did an amazing job coordinating the volunteers! Your leadership really showed.",Positive
"Your ability to stay calm under pressure was fantastic. Great job handling the unexpected situations!",Positive
"You showed incredible teamwork, always helping where needed. It didn’t go unnoticed!",Positive
"Amazing effort! You made a real difference by jumping in and solving problems before they got big.",Positive
"You were a great support to the team. Your positivity and hard work helped everything run smoothly.",Positive
"Superb work on setting up the venue! Everything looked perfect because of your attention to detail.",Positive
"Excellent communication throughout the event. You ensured the team stayed well-informed and organized.",Positive
"You were always available and willing to help, and your dedication is truly appreciated.",Positive
"Fantastic attitude! You were a great example of what it means to go the extra mile for the event.",Positive
"You handled the event logistics like a pro. Your preparation made everything go off without a hitch.",Positive
"Great teamwork! You made sure no one was left out and helped everyone get involved.",Positive
"You were very proactive, stepping in when tasks were falling behind. That was a huge help.",Positive
"Your hard work didn’t go unnoticed, and you made a significant impact on the overall success of the event.",Positive
"You showed great problem-solving skills. Thanks to your quick thinking, we avoided a potential issue.",Positive
"You went above and beyond! Your dedication to helping others made a real difference.",Positive
"You were extremely reliable throughout the event, and your support meant a lot to the team.",Positive
"Your positive energy was contagious! You helped keep the atmosphere light and fun.",Positive
"You worked hard to keep everything on track. We really appreciated your organizational skills.",Positive
"You were fantastic with the guests. Your friendly demeanor helped everyone feel welcome.",Positive
"You handled the setup flawlessly. Everything was in place when it was time to start.",Positive
"Your enthusiasm was infectious. It was a pleasure to have you as part of the team.",Positive
"You managed to stay focused and organized even when the schedule changed unexpectedly. Great job!",Positive
"Your dedication and focus were remarkable. You truly contributed to the success of this event.",Positive
"Great initiative! You took charge when we needed it most, and everything went smoothly because of you.",Positive
"Excellent teamwork! Your contributions were vital to the event’s overall success.",Positive
"Your flexibility was a huge asset to the team. Thanks for rolling with the changes so smoothly.",Positive
"You showed excellent leadership skills in managing the volunteers. It made a huge difference.",Positive
"You did a wonderful job handling the technical aspects. The event went off without any issues thanks to you.",Positive
"You showed great attention to detail in every aspect of the event. It was a pleasure working with you.",Positive
"Amazing work at the event! You were quick to step in and handle whatever came your way.",Positive
"You provided excellent support to the event organizers. We couldn’t have done it without you!",Positive
"You kept everything on track, even with tight deadlines. Your ability to prioritize was impressive.",Positive
"You communicated with guests and the team seamlessly, which really helped maintain the flow of the event.",Positive
"You took on responsibilities without hesitation, and you did it all with a positive attitude.",Positive
"Your ability to multitask and manage several duties at once was fantastic.",Positive
"Your patience and understanding helped smooth over a few tough situations. Great work!",Positive
"You showed outstanding problem-solving skills when we encountered unexpected challenges.",Positive
"Excellent effort! Your work really elevated the event and made it something special.",Positive
"You consistently went above and beyond to ensure that everything was running smoothly.",Positive
"Your willingness to take on extra tasks and responsibilities was truly appreciated.",Positive
"You took initiative when needed and helped resolve issues quickly. Thanks for stepping up!",Positive
"Great teamwork! You were a reliable presence throughout the event, and we couldn’t have done it without you.",Positive
"You were amazing at handling the crowd and ensuring that everything went smoothly.",Positive
"Your problem-solving ability was impressive, especially when we ran into technical issues.",Positive
"Your calm and collected nature really helped the team stay focused and on track.",Positive
"You communicated effectively with everyone, and your efforts helped keep everything on schedule.",Positive
"Your willingness to help wherever needed made a huge impact on the event’s success.",Positive
"You provided great support during the event’s busiest moments. It was so appreciated!",Positive
"Your hard work and commitment were evident. You helped make this event a big success.",Positive
"You managed to keep everything running smoothly under pressure. Fantastic job!",Positive
"Your attention to detail made sure nothing was overlooked. We really appreciate your thoroughness.",Positive
"You worked tirelessly to make sure all tasks were completed on time. That was a huge help!",Positive
"Your teamwork and communication helped us navigate challenges quickly and efficiently.",Positive
"Great job on keeping the schedule in check! You made sure everything ran like clockwork.",Positive
"Your leadership in handling the team made a real difference, and everyone appreciated your guidance.",Positive
"You were extremely proactive and kept the event moving forward. Great initiative!",Positive
"Your quick thinking and positive attitude really helped resolve any issues that came up.",Positive
"You were an incredible asset to the team. We couldn’t have done it without your hard work.",Positive
"Your dedication to the event was apparent from start to finish. You gave it your all!",Positive
"You consistently showed up ready to work hard and help wherever needed. We’re lucky to have had you!",Positive
"You were always prepared and on top of everything. Your reliability was a big plus!",Positive
"Great leadership skills! You helped keep everyone on task, and the event went smoothly because of it.",Positive
"You were very adaptable and worked well under pressure. Great job handling unexpected changes!",Positive
"Your work ethic was outstanding! You really gave your all to ensure everything went well.",Positive
"You kept a positive attitude through the whole event, and it was great to see that energy.",Positive
"You were always in the right place at the right time. It really helped keep everything on track.",Positive
"Your dedication to the success of this event was clear in every action you took.",Positive
"You took full responsibility for your tasks, and everything was completed on time and to a high standard.",Positive
"You managed to juggle multiple tasks and stayed calm under pressure. Great job!",Positive
"Your professionalism and reliability helped ensure the event was a great success.",Positive
"You were a great communicator, always keeping everyone updated and on track.",Positive
"Your flexibility and willingness to pitch in wherever needed really made a big difference.",Positive
"Great job on troubleshooting problems quickly. Your efforts helped keep everything running smoothly.",Positive
"Your hard work, patience, and positive attitude helped ensure the event was a huge success.",Positive
"You showed incredible focus and commitment. You really helped keep things organized.",Positive
"You displayed great teamwork and took charge when necessary, which made a huge impact.",Positive
"Your assistance was invaluable, especially when we were running tight on time. Thank you for stepping up.",Positive
"You did an amazing job handling the logistics. Everything was in place thanks to your hard work.",Positive
"You contributed so much to the success of this event, and we truly appreciate your efforts.",Positive
"You were such an important part of the team, always willing to lend a hand when needed.",Positive
"You made sure everything was in order, and it paid off with a smooth event. Excellent job!",Positive
"You kept the team motivated and focused, which made the entire event a success.",Positive
"You handled the guest relations side of things like a pro, keeping everyone informed and happy.",Positive
"Your ability to stay organized and focused was impressive. You made everything so much easier.",Positive
"You were a true team player. Your hard work and dedication were evident throughout the event.",Positive
"You made sure everything was taken care of, and I truly appreciate your commitment to excellence.",Positive
"Your communication with the team was flawless. You helped keep everyone on track.",Positive
"Your dedication to your role helped make the event run as smoothly as possible. Well done!",Positive
"You worked well with everyone and made sure all tasks were completed efficiently.",Positive
"You displayed excellent problem-solving abilities and really helped the team navigate challenges.",Positive
"Your positive contributions really helped make the event a success. We’re lucky to have had you!",Positive
"You kept everything running on time, and your attention to detail was amazing. Great work!",Positive
"Your professionalism and teamwork really helped make this event a smooth experience for everyone.",Positive
"You were always available to help out, and your dedication made a huge difference.",Positive
"Your ability to remain calm and focused in a high-pressure environment was amazing. Well done!",Positive
"Your performance was decent, but there were moments when you could have been a bit more proactive.",Neutral
"You did okay, but there were a few areas where things could have gone more smoothly.",Neutral
"Your work was average overall, and there were some areas that needed more attention.",Neutral
"It was an okay job, but next time, try to be more aware of your surroundings.",Neutral
"You handled most of your responsibilities well, but there were a few moments of uncertainty.",Neutral
"Your performance was acceptable, though there’s room for improvement in staying on task.",Neutral
"Decent effort overall, but some tasks could have been completed faster with better time management.",Neutral
"You did what was expected, but a little more initiative would have been helpful.",Neutral
"The event went okay, but there was a bit of delay when it came to some of the responsibilities.",Neutral
"You did alright, though I think there were moments where you could have been more assertive.",Neutral
"Your attitude was good, but you were a bit slow at getting things done at times.",Neutral
"You kept things moving forward, but there were times when more proactive decisions could have helped.",Neutral
"Your involvement was neutral, and there was room for a bit more initiative in your role.",Neutral
"Good effort, though your time management could have been a bit tighter in some areas.",Neutral
"It was an okay performance, but next time, let’s try to improve on staying focused throughout.",Neutral
"You followed instructions well, but at times, more communication would have been helpful.",Neutral
"You were engaged, but there was room for improvement in anticipating needs before they arose.",Neutral
"Your contributions were useful, though I would have liked to see more proactive work in some areas.",Neutral
"Decent work overall. In the future, I’d encourage you to take a more active role in team coordination.",Neutral
"The event went well, but there was a bit of inconsistency in your level of involvement.",Neutral
"You did a good job at fulfilling your duties, but there’s room for growth in your leadership role.",Neutral
"You were reliable, though more initiative in certain tasks would have been helpful.",Neutral
"Your attendance was good, but I’d like to see you take more initiative in future events.",Neutral
"You followed through on your tasks, but the pace could have been quicker in some cases.",Neutral
"There was some delay in your tasks. Next time, try to manage your time a bit better.",Neutral
"Overall, your performance was okay. However, you can be more engaged with the team during busy times.",Neutral
"Your attitude was positive, but your performance was a bit inconsistent at times.",Neutral
"You did an okay job overall. However, I’d recommend stepping up when things get hectic.",Neutral
"Your help was appreciated, though I think next time we need more hands-on assistance.",Neutral
"You completed your tasks, but at times there was a lack of urgency when things were behind schedule.",Neutral
"The event went well overall, but there were moments when you could have taken more responsibility.",Neutral
"You handled your tasks okay, but it would be helpful to stay more organized throughout the day.",Neutral
"Your attitude was great, but I think you could’ve been more focused when completing tasks.",Neutral
"You did the job, but I think there was a bit of hesitation when things needed to be done quickly.",Neutral
"You were generally on track, but I’d like to see you stay more proactive and alert in the future.",Neutral
"You performed your tasks okay, but I think there’s room for improvement in how you manage multiple duties.",Neutral
"You kept the event running, but next time, please work on being more timely with your tasks.",Neutral
"Your involvement was neutral. You could have contributed more during busy moments.",Neutral
"You managed to stay on track, but there were a few instances where quicker decisions could’ve been made.",Neutral
"You were consistent, but there were areas where you could have taken more initiative.",Neutral
"Your effort was fine, but I’d suggest working on being a little more engaged with the team.",Neutral
"Decent job overall. Try to improve your time management in future events.",Neutral
"You did okay, but I think you can work on anticipating needs and acting more swiftly.",Neutral
"You followed through with your responsibilities but could have been more efficient in your time management.",Neutral
"Your contributions were fine, but next time, try to stay more organized throughout the event.",Neutral
"You were reliable, but I think you could’ve been a bit more proactive in helping others.",Neutral
"Your effort was neutral. It would be helpful to be more decisive next time when handling tasks.",Neutral
"You completed your tasks well, but there was a slight delay in handling the crowd.",Neutral
"You did a decent job, but I think you could have taken charge in some situations when needed.",Neutral
"You kept things moving, but there were moments where more engagement would have been beneficial.",Neutral
"Your performance was okay, but I’d like to see you take on more responsibility next time.",Neutral
"You were helpful, though your communication could have been a bit clearer at times.",Neutral
"It was an average effort. I’d like to see more initiative from you in future events.",Neutral
"Your work was acceptable, but next time I’d like to see more proactive involvement.",Neutral
"You did an okay job, but there was a bit of hesitation when tasks needed to be completed quickly.",Neutral
"Your performance was neutral. Work on becoming a little more decisive during time-sensitive situations.",Neutral
"You did okay in most areas, but next time, try to improve your overall pace.",Neutral
"Your contributions were adequate, though next time, take a more active role during high-pressure moments.",Neutral
"You helped where you could, but there were times when more involvement was needed.",Neutral
"You performed adequately, but some tasks could have been handled faster.",Neutral
"You did fine, but there were moments when you could’ve anticipated needs more effectively.",Neutral
"Your contribution was acceptable, but I’d suggest improving your time management skills.",Neutral
"You were a bit inconsistent in your involvement. Try to stay more engaged throughout.",Neutral
"You completed your responsibilities, but there was a lack of urgency in completing some tasks.",Neutral
"The event went okay, but I would suggest you work on improving your multitasking skills.",Neutral
"Your performance was neutral, with some areas of improvement needed in terms of pace and engagement.",Neutral
"You did okay, but I’d like to see more initiative when managing multiple tasks.",Neutral
"Your contribution was adequate, but next time, focus on improving your communication with the team.",Neutral
"You were reliable, but there’s room for improvement in how you prioritize tasks during busy times.",Neutral
"You did fine, but I think you could have stepped up a little more when the workload increased.",Neutral
"You completed your tasks well, but I’d recommend being more proactive when things need attention.",Neutral
"Your performance was decent. Next time, try to improve your response time during critical moments.",Neutral
"You did okay, but I think more attention to detail is needed in future events.",Neutral
"Your performance was neutral, and I’d like to see you take a more active role during peak hours.",Neutral
"You did your job, but I think you could have communicated better with the team during the event.",Neutral
"It was an okay effort overall. Work on staying more organized and focused during busy times.",Neutral
"You did okay, but next time, try to be more involved with the larger team effort.",Neutral
"Your effort was neutral. I’d encourage you to take a more proactive approach to your tasks.",Neutral
"You kept things moving, but there were moments when you could have acted more quickly.",Neutral
"Your contributions were okay, but I think you can work on being more engaged during peak moments.",Neutral
"You did an okay job, but try to improve your time management and task prioritization.",Neutral
"Your effort was acceptable, but I’d like to see you be more decisive next time.",Neutral
"You helped when needed, but there were moments when you could have been more involved.",Neutral
"You did alright, but next time, I’d suggest you stay more focused on your tasks.",Neutral
"Your performance was neutral. It’s important to be more responsive during time-sensitive situations.",Neutral
"You did a decent job, but I’d suggest being a little quicker with your decisions next time.",Neutral
"Your effort was fine, but I think more initiative is needed in future tasks.",Neutral
"Your performance was neutral. Next time, try to take charge in moments of uncertainty.",Neutral
"You kept things going, but next time, try to communicate more clearly with the team.",Neutral
"You completed your duties, but there were moments where more involvement would have helped.",Neutral
"Your contributions were decent, but I’d like to see you manage your tasks with more urgency next time.",Neutral
"You did okay, but there were some delays in completing tasks that could have been avoided.",Neutral
"Your work was decent, but I think you could have taken more initiative during high-pressure moments.",Neutral
"Your performance was acceptable, but next time, I’d like to see you contribute more during busy times.",Neutral
"You did an okay job, but I’d suggest improving your time management skills.",Neutral
"Your work was fine, but there’s room for improvement in terms of efficiency.",Neutral
"Your performance was neutral, but I’d encourage you to step up and take charge next time.",Neutral
"You helped when needed, but I’d suggest staying more focused during key moments of the event.",Neutral
"You did a decent job, but next time, try to work on improving your overall speed.",Neutral
"Your effort was neutral, but there were a few moments where more focus and urgency would have been helpful.",Neutral
"Unfortunately, your performance didn’t meet expectations. You missed a few important deadlines.",Negative
"There were several areas where improvement is needed. Your work was below expectations.",Negative
"Not good enough. You didn't complete tasks on time, and there was a lack of urgency.",Negative
"Your performance was disappointing. There were moments where you were disengaged and didn’t take initiative.",Negative
"You didn’t manage your tasks effectively. A lot of things were left undone or delayed.",Negative
"Your performance didn’t meet the standards we were expecting. You didn’t engage with the team enough.",Negative
"Unfortunately, you seemed disorganized. You missed key tasks and were late in completing others.",Negative
"You didn’t handle your responsibilities well. There were significant delays in your tasks.",Negative
"Your involvement was lacking. You didn’t contribute enough during the busy times when we needed help.",Negative
"You didn’t take ownership of your tasks, and a lot of work was left incomplete.",Negative
"Your performance was below average. We needed more from you in terms of focus and commitment.",Negative
"There were too many errors in your work. We need you to be more diligent next time.",Negative
"Your lack of initiative was disappointing. We expected you to take charge of more tasks.",Negative
"You missed several key responsibilities, and it affected the overall flow of the event.",Negative
"Your attention to detail was lacking, and you didn’t follow through on some important tasks.",Negative
"Unfortunately, you weren’t as reliable as we had hoped. Some tasks were left unfinished.",Negative
"Your work didn’t meet the standards required. It seemed like you were disengaged most of the time.",Negative
"You didn’t meet expectations when it came to completing tasks on time or communicating effectively.",Negative
"You missed a lot of deadlines, and your overall performance wasn’t acceptable.",Negative
"Your involvement was minimal, and it caused delays. We needed more from you.",Negative
"Your lack of engagement affected the team. You didn’t step up when things got tough.",Negative
"Your performance fell short of what was expected. You were not as reliable as we needed.",Negative
"Unfortunately, you didn’t perform well. You didn’t manage your tasks properly, and there were delays.",Negative
"You were unprepared and didn’t handle your responsibilities properly. This affected the event’s success.",Negative
"Your work was incomplete and not up to the expected standard. You need to improve next time.",Negative
"You didn’t follow instructions closely, and your lack of attention to detail caused problems.",Negative
"Unfortunately, you were not engaged enough. We expected you to contribute more to the team effort.",Negative
"Your performance was poor. You failed to take ownership of your tasks, leading to delays.",Negative
"There was a lot of room for improvement in how you managed your responsibilities during the event.",Negative
"You didn’t keep up with your responsibilities, and it caused problems for others.",Negative
"Unfortunately, your lack of urgency in completing tasks made things difficult for the rest of the team.",Negative
"Your performance didn’t meet expectations. You were not fully engaged and didn’t complete tasks on time.",Negative
"You didn’t take enough initiative. It was clear that you were waiting for direction instead of acting on your own.",Negative
"Your work was below the standard we expect. You didn’t communicate well or take charge of your tasks.",Negative
"Your involvement was minimal, and the tasks you did complete were not done well.",Negative
"You didn’t manage your time well, and that caused delays in the schedule.",Negative
"Unfortunately, you didn’t show the necessary attention to detail, and some tasks were left incomplete.",Negative
"Your performance was disappointing. You didn’t handle your responsibilities in an effective way.",Negative
"You didn’t complete your tasks in a timely manner. This negatively impacted the event.",Negative
"Your performance was underwhelming. There were mistakes that could have been avoided with more attention to detail.",Negative
"Unfortunately, you didn’t take the lead when necessary. We expected more initiative from you.",Negative
"Your lack of engagement was a problem. You didn’t contribute much during busy periods.",Negative
"You didn’t prioritize tasks well, and it caused unnecessary delays throughout the event.",Negative
"Unfortunately, you didn’t seem fully invested in the event, and your performance was lacking.",Negative
"You didn’t fulfill your responsibilities, and it affected the flow of the event.",Negative
"You didn’t show enough initiative when tasks needed to be completed quickly.",Negative
"Your performance was disappointing. You missed key moments and failed to follow through on your responsibilities.",Negative
"You didn’t manage your tasks well, and it affected the overall success of the event.",Negative
"Your lack of attention to detail resulted in missed opportunities and delays.",Negative
"Unfortunately, your contributions were minimal, and more involvement was needed.",Negative
"You didn’t engage with the team enough. We needed you to be more involved during critical moments.",Negative
"You didn’t handle your role well. There was a lack of attention to detail and consistency.",Negative
"You didn’t complete your tasks as expected. There were delays and mistakes along the way.",Negative
"Your performance was not up to expectations. You missed key responsibilities, and it caused issues.",Negative
"Unfortunately, your work was incomplete, and you didn’t step up when things got busy.",Negative
"You didn’t take charge of your responsibilities, and this caused problems with event coordination.",Negative
"Your lack of focus and attention to detail negatively impacted the event’s flow.",Negative
"You didn’t stay on task, and the overall result was less than what we were hoping for.",Negative
"Your involvement was lacking. We needed more commitment from you to ensure everything ran smoothly.",Negative
"You didn’t manage your time well, and it resulted in missed opportunities and delays.",Negative
"Your work was incomplete, and it was clear that you weren’t fully engaged in the event.",Negative
"Unfortunately, you didn’t contribute as much as we needed, and it affected the success of the event.",Negative
"Your lack of initiative was disappointing. You waited for direction instead of stepping up.",Negative
"You failed to meet expectations in handling your responsibilities, and it led to delays.",Negative
"Your performance was underwhelming. You didn’t keep up with the pace of the event.",Negative
"Your lack of involvement was a concern. You could have contributed more to help keep things on track.",Negative
"Unfortunately, your performance didn’t meet our standards. There were significant delays and missed tasks.",Negative
"You didn’t complete your tasks in a timely manner. We needed more efficiency from you.",Negative
"Your contribution was minimal, and it resulted in unnecessary delays and confusion.",Negative
"You were reliable, but I think you could’ve been a bit more proactive in helping others.",Neutral
"Your effort was neutral. It would be helpful to be more decisive next time when handling tasks.",Neutral
"You completed your tasks well, but there was a slight delay in handling the crowd.",Neutral
"You did a decent job, but I think you could have taken charge in some situations when needed.",Neutral
"You kept things moving, but there were moments where more engagement would have been beneficial.",Neutral
"Your performance was okay, but I’d like to see you take on more responsibility next time.",Neutral
"You were helpful, though your communication could have been a bit clearer at times.",Neutral
"It was an average effort. I’d like to see more initiative from you in future events.",Neutral
"Your work was acceptable, but next time I’d like to see more proactive involvement.",Neutral
"You did an okay job, but there was a bit of hesitation when tasks needed to be completed quickly.",Neutral
"Your performance was neutral. Work on becoming a little more decisive during time-sensitive situations.",Neutral
"You did okay in most areas, but next time, try to improve your overall pace.",Neutral
"Your contributions were adequate, though next time, take a more active role during high-pressure moments.",Neutral
"You helped where you could, but there were times when more involvement was needed.",Neutral
"You performed adequately, but some tasks could have been handled faster.",Neutral
"You did fine, but there were moments when you could’ve anticipated needs more effectively.",Neutral
"Your contribution was acceptable, but I’d suggest improving your time management skills.",Neutral
"You were a bit inconsistent in your involvement. Try to stay more engaged throughout.",Neutral
"You completed your responsibilities, but there was a lack of urgency in completing some tasks.",Neutral
"The event went okay, but I would suggest you work on improving your multitasking skills.",Neutral
"Your performance was neutral, with some areas of improvement needed in terms of pace and engagement.",Neutral
"You did okay, but I’d like to see more initiative when managing multiple tasks.",Neutral
"Your contribution was adequate, but next time, focus on improving your communication with the team.",Neutral
"You were reliable, but there’s room for improvement in how you prioritize tasks during busy times.",Neutral
"You did fine, but I think you could have stepped up a little more when the workload increased.",Neutral
"You completed your tasks well, but I’d recommend being more proactive when things need attention.",Neutral
"Your performance was decent. Next time, try to improve your response time during critical moments.",Neutral
"You did okay, but I think more attention to detail is needed in future events.",Neutral
"Your performance was neutral, and I’d like to see you take a more active role during peak hours.",Neutral
"You did your job, but I think you could have communicated better with the team during the event.",Neutral
"It was an okay effort overall. Work on staying more organized and focused during busy times.",Neutral
"You did okay, but next time, try to be more involved with the larger team effort.",Neutral
"Your effort was neutral. I’d encourage you to take a more proactive approach to your tasks.",Neutral
"You kept things moving, but there were moments when you could have acted more quickly.",Neutral
"Your contributions were okay, but I think you can work on being more engaged during peak moments.",Neutral
"You did an okay job, but try to improve your time management and task prioritization.",Neutral
"Your effort was acceptable, but I’d like to see you be more decisive next time.",Neutral
"You helped when needed, but there were moments when you could have been more involved.",Neutral
"You did alright, but next time, I’d suggest you stay more focused on your tasks.",Neutral
"Your performance was neutral. It’s important to be more responsive during time-sensitive situations.",Neutral
"You did a decent job, but I’d suggest being a little quicker with your decisions next time.",Neutral
"Your effort was fine, but I think more initiative is needed in future tasks.",Neutral
"Your performance was neutral. Next time, try to take charge in moments of uncertainty.",Neutral
"You kept things going, but next time, try to communicate more clearly with the team.",Neutral
"You completed your duties, but there were moments where more involvement would have helped.",Neutral
"Your contributions were decent, but I’d like to see you manage your tasks with more urgency next time.",Neutral
"You did okay, but there were some delays in completing tasks that could have been avoided.",Neutral
"Your work was decent, but I think you could have taken more initiative during high-pressure moments.",Neutral
"Your performance was acceptable, but next time, I’d like to see you contribute more during busy times.",Neutral
"You did an okay job, but I’d suggest improving your time management skills.",Neutral
"Your work was fine, but there’s room for improvement in terms of efficiency.",Neutral
"Your performance was neutral, but I’d encourage you to step up and take charge next time.",Neutral
"You helped when needed, but I’d suggest staying more focused during key moments of the event.",Neutral
"You did a decent job, but next time, try to work on improving your overall speed.",Neutral
"Your effort was neutral, but there were a few moments where more focus and urgency would have been helpful.",Neutral